text,label
"Cooking sandwich for dinner tonight, easy recipe",0
Volunteering at the local beach this Saturday,0
Got a package of pills ready for the drop,1
Volunteering at the local church this Saturday,0
"Selling premium product, fast delivery guaranteed",1
Looking for study partners for fitness exam next week,0
The weather in downtown has been beautiful lately,0
My new bicycle is so much better than the old one,0
Planning a road trip to uptown next month,0
Looking for study partners for photography exam next week,0
Anyone recommend a good bicycle for history?,0
Looking for a plug to get some goods delivered tonight,1
Anyone want to join a math study group?,0
Had an amazing curry at the new church downtown,0
"Wholesale pack available, bulk discounts",1
Moving goods across the border this weekend,1
"Just moved to the east side, looking for friends",0
Attended a history workshop and learned so much,0
Working on a math project for my class,0
Volunteering at the local gym this Saturday,0
Just finished reading a great phone about coding,0
Looking for study partners for photography exam next week,0
Volunteering at the local cafe this Saturday,0
Looking for a plug to get some product delivered tonight,1
"Started learning music online, really enjoying it",0
Got a package of pack ready for the drop,1
"Cooking tacos for dinner tonight, easy recipe",0
"Got goods available for pickup, DM for prices",1
Looking for study partners for coding exam next week,0
Looking for study partners for photography exam next week,0
Had an amazing sushi at the new church downtown,0
"Best tacos I have ever had, totally worth it",0
"Selling premium crystal, fast delivery guaranteed",1
stash supply chain ready for distribution,1
Found a great deal on a used camera locally,0
Found a great deal on a used bicycle locally,0
"My crystal guy just re-upped, quality stuff",1
"Got the purest crystal in the bay area, no middleman",1
Got a package of pack ready for the drop,1
"My crystal guy just re-upped, quality stuff",1
Just finished reading a great bicycle about art,0
Got a package of goods ready for the drop,1
product supply chain ready for distribution,1
"Fresh batch of pack just arrived, hit me up",1
Attended a music workshop and learned so much,0
"Can ship pills overnight, encrypted payments only",1
"Cooking pasta for dinner tonight, easy recipe",0
"Selling premium goods, fast delivery guaranteed",1
Connect me with your crystal supplier in the bay area,1
"Cooking sushi for dinner tonight, easy recipe",0
Looking for study partners for cooking exam next week,0
"Can ship crystal overnight, encrypted payments only",1
"Need pack ASAP, anyone near the north side can deliver?",1
Connect me with your white supplier in the bay area,1
"Selling my old phone on marketplace, barely used",0
Need advice on buying a new phone for college,0
"New shipment of stuff landed, first come first served",1
Meeting the plug for pack at the usual spot,1
"Got green available for pickup, DM for prices",1
Had an amazing sandwich at the new park downtown,0
"Started learning history online, really enjoying it",0
Looking to score some stuff tonight in the east side,1
"Best sushi I have ever had, totally worth it",0
Anyone want to join a science study group?,0
Looking for study partners for cooking exam next week,0
My textbook arrived today and it works perfectly,0
"Best sushi I have ever had, totally worth it",0
stash supply chain ready for distribution,1
"Running low on stuff, need a new connect",1
"Got the purest powder in midtown, no middleman",1
Just finished reading a great laptop about art,0
Anyone want to join a history study group?,0
Planning a road trip to midtown next month,0
Discreet crystal delivery to your doorstep,1
Volunteering at the local gym this Saturday,0
Planning a road trip to midtown next month,0
"My stash guy just re-upped, quality stuff",1
Connect me with your green supplier in the north side,1
"Best soup I have ever had, totally worth it",0
Anyone want to join a music study group?,0
Moving white across the border this weekend,1
Anyone recommend a good camera for fitness?,0
Got a package of powder ready for the drop,1
My new bicycle is so much better than the old one,0
"Selling premium white, fast delivery guaranteed",1
"Started learning math online, really enjoying it",0
Had an amazing burger at the new cafe downtown,0
"Best curry I have ever had, totally worth it",0
"Best steak I have ever had, totally worth it",0
"Wholesale crystal available, bulk discounts",1
"Started learning cooking online, really enjoying it",0
"Reliable pills source, never been caught",1
"My stuff guy just re-upped, quality stuff",1
Attended a cooking workshop and learned so much,0
Need advice on buying a new tablet for college,0
"Just moved to the north side, looking for friends",0
Looking to score some stuff tonight in uptown,1
"Got pack available for pickup, DM for prices",1
"Fresh batch of product just arrived, hit me up",1
"Can ship crystal overnight, encrypted payments only",1
"Price drop on goods, limited stock available",1
"My crystal guy just re-upped, quality stuff",1
Need advice on buying a new headphones for college,0
Anyone want to join a history study group?,0
Looking to score some crystal tonight in downtown,1
"Got pills available for pickup, DM for prices",1
"New shipment of pills landed, first come first served",1
Attended a history workshop and learned so much,0
"Price drop on stuff, limited stock available",1
"Started learning fitness online, really enjoying it",0
"Just moved to the bay area, looking for friends",0
"My stash guy just re-upped, quality stuff",1
Planning a road trip to uptown next month,0
Just finished reading a great tablet about science,0
Need advice on buying a new camera for college,0
"New shipment of powder landed, first come first served",1
"Price drop on product, limited stock available",1
Planning a road trip to downtown next month,0
Got a package of powder ready for the drop,1
"Started learning photography online, really enjoying it",0
"Wholesale pills available, bulk discounts",1
Planning a road trip to uptown next month,0
Working on a math project for my class,0
"Just moved to uptown, looking for friends",0
My tablet arrived today and it works perfectly,0
"Got pack available for pickup, DM for prices",1
"Reliable pack source, never been caught",1
Connect me with your crystal supplier in the north side,1
Meeting the plug for white at the usual spot,1
"Need stash ASAP, anyone near downtown can deliver?",1
Just finished reading a great camera about math,0
"Got the purest pills in midtown, no middleman",1
"My goods guy just re-upped, quality stuff",1
"Reliable stuff source, never been caught",1
"Running low on pills, need a new connect",1
"Started learning fitness online, really enjoying it",0
"Got the purest green in downtown, no middleman",1
"Started learning science online, really enjoying it",0
Just finished reading a great textbook about art,0
"Selling my old headphones on marketplace, barely used",0
Volunteering at the local museum this Saturday,0
"Wholesale goods available, bulk discounts",1
"Wholesale pack available, bulk discounts",1
Anyone recommend a good bicycle for math?,0
"Selling premium crystal, fast delivery guaranteed",1
"Wholesale green available, bulk discounts",1
Moving pills across the border this weekend,1
Attended a photography workshop and learned so much,0
"New shipment of crystal landed, first come first served",1
"Price drop on stuff, limited stock available",1
Volunteering at the local cafe this Saturday,0
Volunteering at the local gym this Saturday,0
Anyone recommend a good backpack for cooking?,0
Looking for study partners for fitness exam next week,0
Got a package of pack ready for the drop,1
"Cooking soup for dinner tonight, easy recipe",0
Moving pack across the border this weekend,1
Working on a science project for my class,0
Meeting the plug for powder at the usual spot,1
"Got white available for pickup, DM for prices",1
"Fresh batch of pills just arrived, hit me up",1
Looking for study partners for art exam next week,0
"My pills guy just re-upped, quality stuff",1
"Selling my old watch on marketplace, barely used",0
"Started learning history online, really enjoying it",0
Meeting the plug for stash at the usual spot,1
"Running low on pack, need a new connect",1
"Got the purest product in the west end, no middleman",1
"Can ship product overnight, encrypted payments only",1
My new camera is so much better than the old one,0
"My stash guy just re-upped, quality stuff",1
crystal supply chain ready for distribution,1
"Started learning fitness online, really enjoying it",0
"Need pills ASAP, anyone near the west end can deliver?",1
My watch arrived today and it works perfectly,0
"Got pills available for pickup, DM for prices",1
"Started learning fitness online, really enjoying it",0
Connect me with your crystal supplier in the west end,1
Just finished reading a great textbook about music,0
"Price drop on pills, limited stock available",1
The weather in the north side has been beautiful lately,0
Connect me with your powder supplier in downtown,1
Going to the library this weekend with family,0
Looking for a plug to get some crystal delivered tonight,1
Discreet pack delivery to your doorstep,1
Meeting the plug for green at the usual spot,1
Discreet goods delivery to your doorstep,1
Volunteering at the local theater this Saturday,0
"Need pack ASAP, anyone near the suburbs can deliver?",1
Had an amazing tacos at the new gym downtown,0
Looking for a plug to get some crystal delivered tonight,1
"Best pizza I have ever had, totally worth it",0
My headphones arrived today and it works perfectly,0
"Started learning math online, really enjoying it",0
Found a great deal on a used tablet locally,0
"Fresh batch of powder just arrived, hit me up",1
Volunteering at the local beach this Saturday,0
"New shipment of stash landed, first come first served",1
"Need stuff ASAP, anyone near downtown can deliver?",1
"Reliable pills source, never been caught",1
Attended a cooking workshop and learned so much,0
"New shipment of white landed, first come first served",1
"Started learning coding online, really enjoying it",0
Found a great deal on a used watch locally,0
Need advice on buying a new tablet for college,0
"Got the purest pills in uptown, no middleman",1
"Cooking burger for dinner tonight, easy recipe",0
"Got the purest product in the west end, no middleman",1
"Just moved to the north side, looking for friends",0
Anyone want to join a art study group?,0
Got a package of product ready for the drop,1
"Wholesale pills available, bulk discounts",1
"Started learning art online, really enjoying it",0
"Need white ASAP, anyone near downtown can deliver?",1
My new watch is so much better than the old one,0
Looking to score some powder tonight in midtown,1
"Got the purest green in the suburbs, no middleman",1
"Running low on powder, need a new connect",1
"Wholesale pack available, bulk discounts",1
"Started learning fitness online, really enjoying it",0
The weather in the west end has been beautiful lately,0
"Just moved to the west end, looking for friends",0
Planning a road trip to midtown next month,0
Moving product across the border this weekend,1
Just finished reading a great camera about history,0
Need advice on buying a new phone for college,0
"New shipment of stash landed, first come first served",1
"Price drop on crystal, limited stock available",1
"Can ship goods overnight, encrypted payments only",1
Moving pills across the border this weekend,1
My new textbook is so much better than the old one,0
"Running low on pack, need a new connect",1
Planning a road trip to the west end next month,0
Connect me with your goods supplier in midtown,1
"Selling premium white, fast delivery guaranteed",1
Going to the library this weekend with family,0
"Got the purest crystal in the north side, no middleman",1
My new watch is so much better than the old one,0
"Price drop on crystal, limited stock available",1
Connect me with your stuff supplier in the east side,1
"Reliable crystal source, never been caught",1
My new tablet is so much better than the old one,0
My new guitar is so much better than the old one,0
Working on a math project for my class,0
Anyone want to join a machine learning study group?,0
Anyone want to join a photography study group?,0
Anyone recommend a good watch for math?,0
Attended a cooking workshop and learned so much,0
The weather in the suburbs has been beautiful lately,0
"Just moved to midtown, looking for friends",0
"Got the purest stash in uptown, no middleman",1
Connect me with your pack supplier in the suburbs,1
Connect me with your pack supplier in the north side,1
"Reliable crystal source, never been caught",1
"Running low on green, need a new connect",1
Anyone want to join a machine learning study group?,0
Found a great deal on a used laptop locally,0
"Can ship crystal overnight, encrypted payments only",1
Looking to score some green tonight in the north side,1
Found a great deal on a used camera locally,0
Looking to score some crystal tonight in midtown,1
"Reliable stuff source, never been caught",1
Volunteering at the local gym this Saturday,0
Working on a machine learning project for my class,0
Looking for study partners for photography exam next week,0
"Reliable crystal source, never been caught",1
My phone arrived today and it works perfectly,0
Looking for a plug to get some pills delivered tonight,1
"New shipment of white landed, first come first served",1
Just finished reading a great textbook about math,0
"New shipment of goods landed, first come first served",1
Looking to score some product tonight in the bay area,1
"Need green ASAP, anyone near downtown can deliver?",1
Found a great deal on a used phone locally,0
My new laptop is so much better than the old one,0
"Running low on pack, need a new connect",1
"Got the purest pack in the east side, no middleman",1
"Wholesale crystal available, bulk discounts",1
"Selling premium stuff, fast delivery guaranteed",1
Had an amazing steak at the new library downtown,0
"Price drop on crystal, limited stock available",1
Need advice on buying a new textbook for college,0
"My stuff guy just re-upped, quality stuff",1
"Price drop on crystal, limited stock available",1
"Reliable crystal source, never been caught",1
Moving goods across the border this weekend,1
The weather in the east side has been beautiful lately,0
"Selling my old phone on marketplace, barely used",0
Attended a math workshop and learned so much,0
My new camera is so much better than the old one,0
"Reliable pack source, never been caught",1
"Need product ASAP, anyone near the east side can deliver?",1
My new bicycle is so much better than the old one,0
Moving product across the border this weekend,1
"Can ship stash overnight, encrypted payments only",1
Discreet crystal delivery to your doorstep,1
"Wholesale goods available, bulk discounts",1
Need advice on buying a new camera for college,0
Had an amazing pizza at the new cafe downtown,0
Moving pack across the border this weekend,1
Anyone recommend a good camera for science?,0
"Need white ASAP, anyone near the north side can deliver?",1
The weather in the east side has been beautiful lately,0
Anyone recommend a good watch for science?,0
Connect me with your pack supplier in the east side,1
"Got white available for pickup, DM for prices",1
Got a package of crystal ready for the drop,1
Looking to score some stuff tonight in the west end,1
The weather in the bay area has been beautiful lately,0
Connect me with your white supplier in the east side,1
Found a great deal on a used laptop locally,0
Looking for study partners for math exam next week,0
Looking for study partners for math exam next week,0
"New shipment of green landed, first come first served",1
Got a package of white ready for the drop,1
"Reliable white source, never been caught",1
Planning a road trip to the bay area next month,0
Connect me with your goods supplier in uptown,1
"Fresh batch of crystal just arrived, hit me up",1
Looking for study partners for art exam next week,0
Volunteering at the local school this Saturday,0
Anyone recommend a good watch for science?,0
"Price drop on stuff, limited stock available",1
"Can ship green overnight, encrypted payments only",1
Looking to score some goods tonight in uptown,1
My new watch is so much better than the old one,0
Anyone want to join a art study group?,0
Meeting the plug for white at the usual spot,1
"Started learning history online, really enjoying it",0
"Price drop on green, limited stock available",1
"Started learning cooking online, really enjoying it",0
"Got the purest product in downtown, no middleman",1
"Got the purest crystal in uptown, no middleman",1
"Price drop on white, limited stock available",1
"Fresh batch of powder just arrived, hit me up",1
"Started learning photography online, really enjoying it",0
Need advice on buying a new backpack for college,0
Meeting the plug for white at the usual spot,1
"Reliable goods source, never been caught",1
"Cooking burger for dinner tonight, easy recipe",0
Moving powder across the border this weekend,1
"Running low on powder, need a new connect",1
My new tablet is so much better than the old one,0
"My stuff guy just re-upped, quality stuff",1
Looking for a plug to get some pills delivered tonight,1
Planning a road trip to the east side next month,0
"Just moved to the north side, looking for friends",0
green supply chain ready for distribution,1
"Cooking pizza for dinner tonight, easy recipe",0
The weather in the east side has been beautiful lately,0
Just finished reading a great bicycle about cooking,0
Discreet stash delivery to your doorstep,1
Going to the museum this weekend with family,0
Connect me with your product supplier in the suburbs,1
"Running low on white, need a new connect",1
"My pack guy just re-upped, quality stuff",1
Going to the cafe this weekend with family,0
My new phone is so much better than the old one,0
My guitar arrived today and it works perfectly,0
Discreet pack delivery to your doorstep,1
Need advice on buying a new textbook for college,0
"Reliable green source, never been caught",1
Anyone recommend a good backpack for coding?,0
Anyone recommend a good watch for cooking?,0
Volunteering at the local church this Saturday,0
Planning a road trip to the bay area next month,0
"My stash guy just re-upped, quality stuff",1
"Cooking burger for dinner tonight, easy recipe",0
"My pack guy just re-upped, quality stuff",1
"Can ship stuff overnight, encrypted payments only",1
"My product guy just re-upped, quality stuff",1
Got a package of pills ready for the drop,1
Found a great deal on a used bicycle locally,0
Anyone want to join a science study group?,0
"Price drop on goods, limited stock available",1
"Reliable pack source, never been caught",1
"My powder guy just re-upped, quality stuff",1
"My goods guy just re-upped, quality stuff",1
Found a great deal on a used tablet locally,0
Looking to score some stuff tonight in the bay area,1
Moving white across the border this weekend,1
"Can ship green overnight, encrypted payments only",1
"Selling premium crystal, fast delivery guaranteed",1
"Reliable pills source, never been caught",1
"Selling premium pack, fast delivery guaranteed",1
Planning a road trip to midtown next month,0
Anyone recommend a good bicycle for photography?,0
"Started learning math online, really enjoying it",0
"Started learning history online, really enjoying it",0
"Need goods ASAP, anyone near the west end can deliver?",1
Working on a science project for my class,0
Discreet stash delivery to your doorstep,1
"My stuff guy just re-upped, quality stuff",1
"Need pack ASAP, anyone near the east side can deliver?",1
"Need powder ASAP, anyone near uptown can deliver?",1
"Got stash available for pickup, DM for prices",1
Just finished reading a great backpack about fitness,0
"Cooking pizza for dinner tonight, easy recipe",0
My bicycle arrived today and it works perfectly,0
My new headphones is so much better than the old one,0
"Price drop on stash, limited stock available",1
Found a great deal on a used guitar locally,0
Need advice on buying a new headphones for college,0
"Fresh batch of pills just arrived, hit me up",1
Anyone recommend a good guitar for cooking?,0
Volunteering at the local library this Saturday,0
My watch arrived today and it works perfectly,0
Discreet white delivery to your doorstep,1
"Selling premium pills, fast delivery guaranteed",1
"Selling my old tablet on marketplace, barely used",0
My new backpack is so much better than the old one,0
"Reliable powder source, never been caught",1
Anyone recommend a good bicycle for fitness?,0
Working on a music project for my class,0
Looking for study partners for photography exam next week,0
My laptop arrived today and it works perfectly,0
The weather in the west end has been beautiful lately,0
Connect me with your goods supplier in uptown,1
"Need stash ASAP, anyone near midtown can deliver?",1
The weather in the suburbs has been beautiful lately,0
My new watch is so much better than the old one,0
Moving stash across the border this weekend,1
"Price drop on powder, limited stock available",1
Going to the beach this weekend with family,0
Looking for study partners for art exam next week,0
Going to the park this weekend with family,0
Had an amazing sandwich at the new park downtown,0
Got a package of product ready for the drop,1
Discreet stash delivery to your doorstep,1
Just finished reading a great phone about music,0
"Just moved to downtown, looking for friends",0
"Just moved to the suburbs, looking for friends",0
Working on a music project for my class,0
Planning a road trip to the suburbs next month,0
Going to the gym this weekend with family,0
Got a package of stuff ready for the drop,1
Going to the beach this weekend with family,0
Moving powder across the border this weekend,1
"Just moved to the suburbs, looking for friends",0
The weather in midtown has been beautiful lately,0
Got a package of product ready for the drop,1
"Selling my old bicycle on marketplace, barely used",0
Looking to score some product tonight in downtown,1
"Can ship pack overnight, encrypted payments only",1
"Started learning coding online, really enjoying it",0
"Selling premium white, fast delivery guaranteed",1
"Got the purest white in the suburbs, no middleman",1
"Got the purest pills in the bay area, no middleman",1
Working on a fitness project for my class,0
pills supply chain ready for distribution,1
Anyone recommend a good guitar for machine learning?,0
Planning a road trip to the east side next month,0
Meeting the plug for white at the usual spot,1
Connect me with your product supplier in uptown,1
"Need crystal ASAP, anyone near midtown can deliver?",1
"Selling my old guitar on marketplace, barely used",0
"Best sushi I have ever had, totally worth it",0
"Best curry I have ever had, totally worth it",0
product supply chain ready for distribution,1
Planning a road trip to the bay area next month,0
Meeting the plug for white at the usual spot,1
My bicycle arrived today and it works perfectly,0
Going to the gym this weekend with family,0
"Can ship goods overnight, encrypted payments only",1
"New shipment of goods landed, first come first served",1
"Running low on product, need a new connect",1
"Need pack ASAP, anyone near downtown can deliver?",1
Attended a fitness workshop and learned so much,0
Anyone want to join a fitness study group?,0
My new headphones is so much better than the old one,0
"Wholesale pills available, bulk discounts",1
Attended a fitness workshop and learned so much,0
"New shipment of pills landed, first come first served",1
Got a package of pills ready for the drop,1
Volunteering at the local school this Saturday,0
"Running low on pack, need a new connect",1
Planning a road trip to uptown next month,0
"Cooking pasta for dinner tonight, easy recipe",0
"Price drop on white, limited stock available",1
"Selling premium powder, fast delivery guaranteed",1
"Can ship stuff overnight, encrypted payments only",1
Found a great deal on a used tablet locally,0
"Reliable pills source, never been caught",1
"Selling premium crystal, fast delivery guaranteed",1
Anyone want to join a art study group?,0
Connect me with your pack supplier in the suburbs,1
"Got stuff available for pickup, DM for prices",1
"Need white ASAP, anyone near uptown can deliver?",1
pack supply chain ready for distribution,1
Anyone recommend a good camera for history?,0
"Need powder ASAP, anyone near midtown can deliver?",1
"My powder guy just re-upped, quality stuff",1
Going to the theater this weekend with family,0
"Best soup I have ever had, totally worth it",0
"Cooking curry for dinner tonight, easy recipe",0
"Started learning photography online, really enjoying it",0
The weather in the bay area has been beautiful lately,0
"Selling premium product, fast delivery guaranteed",1
Had an amazing sushi at the new park downtown,0
Planning a road trip to downtown next month,0
"Got that ğŸƒğŸƒğŸƒ ready, DM me for prices",1
"ğŸ”Œ got the best â„ï¸ in town, hit me up",1
"Fresh ğŸ’ŠğŸ’Š just landed, first come first served",1
"Looking for a ğŸ”Œ with good ğŸƒ, need it tonight",1
"ğŸ”¥ğŸ”¥ğŸ”¥ quality â„ï¸ available, fast delivery âš¡",1
"Got ğŸ“¦ of ğŸ’Š ready for pickup, be discreet ğŸ¤«",1
"ğŸ’‰ğŸ’‰ premium stuff, pure and uncut, DM only",1
"Who got the ğŸ„ğŸ„? Need a plug ASAP ğŸ”Œ",1
"Moving ğŸƒ across state lines this weekend ğŸ“¦",1
"ğŸ’°ğŸ’° for whoever can deliver â„ï¸ to the west side",1
"ğŸ”ŒğŸ”Œ new connect just re-upped on ğŸ’Š, quality stuff",1
"ğŸ¤«ğŸ¤« discreet delivery of ğŸƒ to your door âš¡",1
"Got that ğŸ”¥ â„ï¸â„ï¸, purest in the city no cap",1
"ğŸ“¦ğŸ“¦ shipment of ğŸ’Š just arrived, limited stock",1
"Need a ğŸ”Œ for some ğŸ„, anyone in midtown?",1
"ğŸ’µğŸ’µ cash only for this â„ï¸, meet at the usual spot",1
"ğŸƒ supply chain ready, bulk ğŸ“¦ discounts available",1
"ğŸ’ŠğŸ’ŠğŸ’Š wholesale prices, encrypted payments only ğŸ¤«",1
"My ğŸ”Œ just got the best ğŸƒ I've ever seen ğŸ”¥",1
"âš¡ fast delivery on all ğŸ’Š, DM for menu ğŸ“‹",1
"Got that ğŸ„ğŸ„ğŸ„ magic, hit the line for prices ğŸ’°",1
"â„ï¸ straight from the source, no middleman ğŸ”¥ğŸ”¥",1
"ğŸ”Œ plugged in with the best ğŸ’‰ in the area",1
"ğŸ“¦ dropping off the ğŸƒ tonight, be ready ğŸ¤«",1
"ğŸ”¥ premium â„ï¸ available rn, won't last long âš¡",1
"Looking to score some ğŸ’Š tonight, who's around? ğŸ”Œ",1
"My guy got ğŸƒğŸƒ and ğŸ„, best prices in town ğŸ’°",1
"ğŸ’Š party pack ready, enough for the whole crew ğŸ”¥",1
"ğŸ¤«ğŸ¤« keep it low key, got â„ï¸ for the weekend",1
"New batch of ğŸƒ just dropped, fire quality ğŸ”¥ğŸ”¥ğŸ”¥",1
"Running low on ğŸ’Š, need a new ğŸ”Œ connect ASAP",1
"ğŸ“¦ shipped the â„ï¸ overnight, tracking sent via DM ğŸ¤«",1
"Who needs ğŸ„? Got plenty, prices are right ğŸ’°ğŸ’°",1
"ğŸ’‰ top shelf product, tested and verified ğŸ”¥",1
"ğŸ”Œ available 24/7, got ğŸƒ ğŸ’Š and â„ï¸ on deck",1
"Got the plug on some ğŸ”¥ğŸ”¥ â„ï¸, meet at the spot",1
"ğŸ“¦ğŸ“¦ bulk order of ğŸ’Š coming in this Friday",1
"ğŸƒğŸƒ organic and potent, DM for delivery ğŸ¤«âš¡",1
"Need to re-up on â„ï¸, anyone got a reliable ğŸ”Œ?",1
"ğŸ”¥ grade A ğŸ’ŠğŸ’Š, won't find better anywhere ğŸ’°",1
"ğŸ’µ only serious buyers for this â„ï¸ â„ï¸, no games ğŸ¤«",1
"ğŸ„ğŸ„ trip supplies ready, safe and discreet ğŸ“¦",1
"Moving ğŸ’Š through the east side tonight, ğŸ¤« only",1
"Got ğŸƒ edibles and concentrates, full menu available ğŸ”Œ",1
"â„ï¸â„ï¸â„ï¸ just cooked up a fresh batch ğŸ”¥ğŸ“¦",1
"ğŸ”Œ holding the best ğŸ’Š in the north side rn",1
"Need ğŸƒ delivered ASAP âš¡, anyone near downtown? ğŸ’°",1
"ğŸ’ŠğŸ’Š molly and xans available, DM for prices ğŸ¤«",1
"ğŸ“¦ care package with ğŸ„ and ğŸƒ ready to go ğŸ”¥",1
"â„ï¸ ice cold product, pure as it gets ğŸ’°ğŸ’°ğŸ’°",1
"Had an amazing day at the park ğŸŒ³â˜€ï¸ğŸ˜Š",0
"Love this sunny weather â˜€ï¸ğŸŒ¤ï¸ perfect for a walk",0
"Made some delicious pasta tonight ğŸğŸ˜‹ğŸ‘¨â€ğŸ³",0
"Just adopted a new puppy ğŸ¶â¤ï¸ so adorable!",0
"Happy birthday to my best friend ğŸ‚ğŸ‰ğŸˆ",0
"Studying hard for finals ğŸ“šğŸ’ª wish me luck!",0
"Beautiful sunset at the beach today ğŸŒ…ğŸ–ï¸ğŸ˜",0
"My garden is looking amazing this spring ğŸŒ¸ğŸŒ·ğŸŒ»",0
"Going hiking this weekend â›°ï¸ğŸ¥¾ can't wait!",0
"Coffee and a good book â˜•ğŸ“– perfect morning",0
"Family reunion was so much fun ğŸ‘¨â€ğŸ‘©â€ğŸ‘§â€ğŸ‘¦ğŸŠâ¤ï¸",0
"Starting my fitness journey today ğŸ’ªğŸ‹ï¸â€â™‚ï¸ğŸƒâ€â™‚ï¸",0
"Cooked a new recipe and it turned out great ğŸ‘©â€ğŸ³ğŸ²ğŸ˜Š",0
"Movie night with friends ğŸ¬ğŸ¿ such a good time",0
"My new plant is growing so well ğŸŒ±ğŸª´ğŸ’š",0
"Love my morning yoga routine ğŸ§˜â€â™€ï¸â˜€ï¸âœ¨",0
"Road trip with the family this weekend ğŸš—ğŸ—ºï¸ğŸ¶",0
"Just finished a great workout ğŸ’ªğŸ”¥ğŸ˜¤ feeling strong",0
"Baking cookies for the school fundraiser ğŸªğŸ„â¤ï¸",0
"Excited for the concert tonight ğŸµğŸ¶ğŸ¤",0
"Watching the stars tonight â­ğŸŒ™ so peaceful",0
"My cat is being so cute right now ğŸ±ğŸ˜»â¤ï¸",0
"Volunteering at the food bank today ğŸ¤ğŸ¥«ğŸ’›",0
"Enjoying a nice cup of tea ğŸµâ˜• relaxing evening",0
"Just got back from a great swim ğŸŠâ€â™‚ï¸ğŸŒŠğŸ’™",0
"Making art all day ğŸ¨ğŸ–Œï¸ feeling creative",0
"Game night with the squad ğŸ²ğŸƒğŸ˜‚",0
"Beautiful flowers blooming in the garden ğŸŒºğŸŒ¼ğŸŒ¸",0
"Graduation day! ğŸ“ğŸ‰ so proud of myself",0
"Celebrating our anniversary ğŸ’â¤ï¸ğŸ¥‚ blessed",0
"Learning guitar has been so rewarding ğŸ¸ğŸµğŸ˜Š",0
"Snow day means hot chocolate â„ï¸â˜•ğŸ§£",0
"Pizza party at work today ğŸ•ğŸ‰ best Friday ever",0
"Sunrise jog was magical this morning ğŸŒ…ğŸƒâ€â™€ï¸âœ¨",0
"Teaching my kid to ride a bike ğŸš²ğŸ‘¦ proud parent",0
"Homemade sushi night ğŸ£ğŸ¥¢ turned out amazing",0
"Building a treehouse with dad ğŸ ğŸŒ³ğŸ”¨ fun project",0
"Farmers market haul ğŸ¥¬ğŸğŸ¥• eating healthy this week",0
"Dance class was so fun tonight ğŸ’ƒğŸ•ºğŸ¶",0
"Reading in the park ğŸ“–ğŸŒ³â˜€ï¸ perfect afternoon",0
"Camping trip was unforgettable ğŸ•ï¸ğŸ”¥â­",0
"New sneakers just arrived ğŸ‘ŸğŸ”¥ love them!",0
"Painted the living room today ğŸ¨ğŸ  looks great",0
"Beach volleyball with friends ğŸğŸ–ï¸â˜€ï¸ awesome day",0
"Trying pottery for the first time ğŸºğŸ¨ so cool",0
"Made friendship bracelets ğŸ“¿â¤ï¸ nostalgic vibes",0
"Smoothie bowl for breakfast ğŸ¥£ğŸ“ğŸ« so healthy",0
"Fireworks were incredible last night ğŸ†ğŸ‡âœ¨",0
"Knitting a scarf for winter ğŸ§£ğŸ§¶â„ï¸ cozy project",0
"Museum visit was so inspiring ğŸ›ï¸ğŸ¨ğŸ–¼ï¸",0
